userId,Name,username,password,uuid
1,Braund,Braund,84877,
2,Cumings,Cumings,73372,
3,Heikkinen,Heikkinen,40479,
4,Futrelle,Futrelle,68002,
5,Allen,Allen,99445,
6,Moran,Moran,69404,
7,McCarthy,McCarthy,94188,
8,Palsson,Palsson,27515,
9,Johnson,Johnson,76742,
10,Nasser,Nasser,97529,
11,Sandstrom,Sandstrom,78762,
12,Bonnell,Bonnell,56471,
13,Saundercock,Saundercock,28499,
14,Andersson,Andersson,35386,
15,Vestrom,Vestrom,12073,
16,Hewlett,Hewlett,73457,
17,Rice,Rice,59500,
18,Williams,Williams,30920,
19,Vander Planke,Vander Planke,82007,
20,Masselmani,Masselmani,77539,
21,Fynney,Fynney,52513,
22,Beesley,Beesley,68587,
23,McGowan,McGowan,26604,
24,Sloper,Sloper,96702,
25,Palsson,Palsson,59389,
26,Asplund,Asplund,24233,
27,Emir,Emir,59393,
28,Fortune,Fortune,28025,
29,O'Dwyer,O'Dwyer,78271,
30,Todoroff,Todoroff,14949,
31,Uruchurtu,Uruchurtu,83894,
32,Spencer,Spencer,28644,
33,Glynn,Glynn,24101,
34,Wheadon,Wheadon,87440,
35,Meyer,Meyer,63954,
36,Holverson,Holverson,46312,
37,Mamee,Mamee,36175,
38,Cann,Cann,45910,
39,Vander Planke,Vander Planke,31402,
40,Nicola-Yarred,Nicola-Yarred,17147,
41,Ahlin,Ahlin,25165,
42,Turpin,Turpin,50881,
43,Kraeff,Kraeff,53439,
44,Laroche,Laroche,11058,
45,Devaney,Devaney,71627,
46,Rogers,Rogers,80098,
47,Lennon,Lennon,74302,
48,O'Driscoll,O'Driscoll,47654,
49,Samaan,Samaan,97716,
50,Arnold-Franchi,Arnold-Franchi,62652,
51,Panula,Panula,50156,
52,Nosworthy,Nosworthy,63466,
53,Harper,Harper,34037,
54,Faunthorpe,Faunthorpe,65873,
55,Ostby,Ostby,47424,
56,Woolner,Woolner,25580,
57,Rugg,Rugg,83832,
58,Novel,Novel,62294,
59,West,West,66928,
60,Goodwin,Goodwin,27686,
61,Sirayanian,Sirayanian,23506,
62,Icard,Icard,77066,
63,Harris,Harris,88800,
64,Skoog,Skoog,98215,
65,Stewart,Stewart,98625,
66,Moubarek,Moubarek,43630,
67,Nye,Nye,10363,
68,Crease,Crease,73078,
69,Andersson,Andersson,99365,
70,Kink,Kink,34044,
71,Jenkin,Jenkin,29476,
72,Goodwin,Goodwin,11160,
73,Hood,Hood,42709,
74,Chronopoulos,Chronopoulos,24244,
75,Bing,Bing,91358,
76,Moen,Moen,53592,
77,Staneff,Staneff,64598,
78,Moutal,Moutal,14900,
79,Caldwell,Caldwell,42439,
80,Dowdell,Dowdell,65589,
81,Waelens,Waelens,51472,
82,Sheerlinck,Sheerlinck,15559,
83,McDermott,McDermott,10821,
84,Carrau,Carrau,37804,
85,Ilett,Ilett,16110,
86,Backstrom,Backstrom,93916,
87,Ford,Ford,35075,
88,Slocovski,Slocovski,74185,
89,Fortune,Fortune,51777,
90,Celotti,Celotti,68593,
91,Christmann,Christmann,42925,
92,Andreasson,Andreasson,87643,
93,Chaffee,Chaffee,48637,
94,Dean,Dean,99146,
95,Coxon,Coxon,96660,
96,Shorney,Shorney,90880,
97,Goldschmidt,Goldschmidt,54075,
98,Greenfield,Greenfield,48881,
99,Doling,Doling,40366,
100,Kantor,Kantor,62837,
101,Petranec,Petranec,24243,
102,Petroff,Petroff,24992,
103,White,White,68344,
104,Johansson,Johansson,37078,
105,Gustafsson,Gustafsson,37335,
106,Mionoff,Mionoff,70171,
107,Salkjelsvik,Salkjelsvik,26960,
108,Moss,Moss,26483,
109,Rekic,Rekic,45446,
110,Moran,Moran,76416,
111,Porter,Porter,85985,
112,Zabour,Zabour,90034,
113,Barton,Barton,79065,
114,Jussila,Jussila,33956,
115,Attalah,Attalah,94799,
116,Pekoniemi,Pekoniemi,93995,
117,Connors,Connors,31820,
118,Turpin,Turpin,56727,
119,Baxter,Baxter,79123,
120,Andersson,Andersson,23975,
121,Hickman,Hickman,64952,
122,Moore,Moore,47907,
123,Nasser,Nasser,78269,
124,Webber,Webber,73027,
125,White,White,,
126,Nicola-Yarred,Nicola-Yarred,,
127,McMahon,McMahon,,
128,Madsen,Madsen,,
129,Peter,Peter,,
130,Ekstrom,Ekstrom,,
131,Drazenoic,Drazenoic,,
132,Coelho,Coelho,,
133,Robins,Robins,,
134,Weisz,Weisz,,
135,Sobey,Sobey,,
136,Richard,Richard,,
137,Newsom,Newsom,,
138,Futrelle,Futrelle,,
139,Osen,Osen,,
140,Giglio,Giglio,,
141,Boulos,Boulos,,
142,Nysten,Nysten,,
143,Hakkarainen,Hakkarainen,,
144,Burke,Burke,,
145,Andrew,Andrew,,
146,Nicholls,Nicholls,,
147,Andersson,Andersson,,
148,Ford,Ford,,
149,Navratil,Navratil,,
150,Byles,Byles,,
151,Bateman,Bateman,,
152,Pears,Pears,,
153,Meo,Meo,,
154,van Billiard,van Billiard,,
155,Olsen,Olsen,,
156,Williams,Williams,,
157,Gilnagh,Gilnagh,,
158,Corn,Corn,,
159,Smiljanic,Smiljanic,,
160,Sage,Sage,,
161,Cribb,Cribb,,
162,Watt,Watt,,
163,Bengtsson,Bengtsson,,
164,Calic,Calic,,
165,Panula,Panula,,
166,Goldsmith,Goldsmith,,
167,Chibnall,Chibnall,,
168,Skoog,Skoog,,
169,Baumann,Baumann,,
170,Ling,Ling,,
171,Van der hoef,Van der hoef,,
172,Rice,Rice,,
173,Johnson,Johnson,,
174,Sivola,Sivola,,
175,Smith,Smith,,
176,Klasen,Klasen,,
177,Lefebre,Lefebre,,
178,Isham,Isham,,
179,Hale,Hale,,
180,Leonard,Leonard,,
181,Sage,Sage,,
182,Pernot,Pernot,,
183,Asplund,Asplund,,
184,Becker,Becker,,
185,Kink-Heilmann,Kink-Heilmann,,
186,Rood,Rood,,
187,O'Brien,O'Brien,,
188,Romaine,Romaine,,
189,Bourke,Bourke,,
190,Turcin,Turcin,,
191,Pinsky,Pinsky,,
192,Carbines,Carbines,,
193,Andersen-Jensen,Andersen-Jensen,,
194,Navratil,Navratil,,
195,Brown,Brown,,
196,Lurette,Lurette,,
197,Mernagh,Mernagh,,
198,Olsen,Olsen,,
199,Madigan,Madigan,,
200,Yrois,Yrois,,
201,Vande Walle,Vande Walle,,
202,Sage,Sage,,
203,Johanson,Johanson,,
204,Youseff,Youseff,,
205,Cohen,Cohen,,
206,Strom,Strom,,
207,Backstrom,Backstrom,,
208,Albimona,Albimona,,
209,Carr,Carr,,
210,Blank,Blank,,
211,Ali,Ali,,
212,Cameron,Cameron,,
213,Perkin,Perkin,,
214,Givard,Givard,,
215,Kiernan,Kiernan,,
216,Newell,Newell,,
217,Honkanen,Honkanen,,
218,Jacobsohn,Jacobsohn,,
219,Bazzani,Bazzani,,
220,Harris,Harris,,
221,Sunderland,Sunderland,,
222,Bracken,Bracken,,
223,Green,Green,,
224,Nenkoff,Nenkoff,,
225,Hoyt,Hoyt,,
226,Berglund,Berglund,,
227,Mellors,Mellors,,
228,Lovell,Lovell,,
229,Fahlstrom,Fahlstrom,,
230,Lefebre,Lefebre,,
231,Harris,Harris,,
232,Larsson,Larsson,,
233,Sjostedt,Sjostedt,,
234,Asplund,Asplund,,
235,Leyson,Leyson,,
236,Harknett,Harknett,,
237,Hold,Hold,,
238,Collyer,Collyer,,
239,Pengelly,Pengelly,,
240,Hunt,Hunt,,
241,Zabour,Zabour,,
242,Murphy,Murphy,,
243,Coleridge,Coleridge,,
244,Maenpaa,Maenpaa,,
245,Attalah,Attalah,,
246,Minahan,Minahan,,
247,Lindahl,Lindahl,,
248,Hamalainen,Hamalainen,,
249,Beckwith,Beckwith,,
250,Carter,Carter,,
251,Reed,Reed,,
252,Strom,Strom,,
253,Stead,Stead,,
254,Lobb,Lobb,,
255,Rosblom,Rosblom,,
256,Touma,Touma,,
257,Thorne,Thorne,,
258,Cherry,Cherry,,
259,Ward,Ward,,
260,Parrish,Parrish,,
261,Smith,Smith,,
262,Asplund,Asplund,,
263,Taussig,Taussig,,
264,Harrison,Harrison,,
265,Henry,Henry,,
266,Reeves,Reeves,,
267,Panula,Panula,,
268,Persson,Persson,,
269,Graham,Graham,,
270,Bissette,Bissette,,
271,Cairns,Cairns,,
272,Tornquist,Tornquist,,
273,Mellinger,Mellinger,,
274,Natsch,Natsch,,
275,Healy,Healy,,
276,Andrews,Andrews,,
277,Lindblom,Lindblom,,
278,Parkes,Parkes,,
279,Rice,Rice,,
280,Abbott,Abbott,,
281,Duane,Duane,,
282,Olsson,Olsson,,
283,de Pelsmaeker,de Pelsmaeker,,
284,Dorking,Dorking,,
285,Smith,Smith,,
286,Stankovic,Stankovic,,
287,de Mulder,de Mulder,,
288,Naidenoff,Naidenoff,,
289,Hosono,Hosono,,
290,Connolly,Connolly,,
291,Barber,Barber,,
292,Bishop,Bishop,,
293,Levy,Levy,,
294,Haas,Haas,,
295,Mineff,Mineff,,
296,Lewy,Lewy,,
297,Hanna,Hanna,,
298,Allison,Allison,,
299,Saalfeld,Saalfeld,,
300,Baxter,Baxter,,
301,Kelly,Kelly,,
302,McCoy,McCoy,,
303,Johnson,Johnson,,
304,Keane,Keane,,
305,Williams,Williams,,
306,Allison,Allison,,
307,Fleming,Fleming,,
308,Penasco y Castellana,Penasco y Castellana,,
309,Abelson,Abelson,,
310,Francatelli,Francatelli,,
311,Hays,Hays,,
312,Ryerson,Ryerson,,
313,Lahtinen,Lahtinen,,
314,Hendekovic,Hendekovic,,
315,Hart,Hart,,
316,Nilsson,Nilsson,,
317,Kantor,Kantor,,
318,Moraweck,Moraweck,,
319,Wick,Wick,,
320,Spedden,Spedden,,
321,Dennis,Dennis,,
322,Danoff,Danoff,,
323,Slayter,Slayter,,
324,Caldwell,Caldwell,,
325,Sage,Sage,,
326,Young,Young,,
327,Nysveen,Nysveen,,
328,Ball,Ball,,
329,Goldsmith,Goldsmith,,
330,Hippach,Hippach,,
331,McCoy,McCoy,,
332,Partner,Partner,,
333,Graham,Graham,,
334,Vander Planke,Vander Planke,,
335,Frauenthal,Frauenthal,,
336,Denkoff,Denkoff,,
337,Pears,Pears,,
338,Burns,Burns,,
339,Dahl,Dahl,,
340,Blackwell,Blackwell,,
341,Navratil,Navratil,,
342,Fortune,Fortune,,
343,Collander,Collander,,
344,Sedgwick,Sedgwick,,
345,Fox,Fox,,
346,Brown,Brown,,
347,Smith,Smith,,
348,Davison,Davison,,
349,Coutts,Coutts,,
350,Dimic,Dimic,,
351,Odahl,Odahl,,
352,Williams-Lambert,Williams-Lambert,,
353,Elias,Elias,,
354,Arnold-Franchi,Arnold-Franchi,,
355,Yousif,Yousif,,
356,Vanden Steen,Vanden Steen,,
357,Bowerman,Bowerman,,
358,Funk,Funk,,
359,McGovern,McGovern,,
360,Mockler,Mockler,,
361,Skoog,Skoog,,
362,del Carlo,del Carlo,,
363,Barbara,Barbara,,
364,Asim,Asim,,
365,O'Brien,O'Brien,,
366,Adahl,Adahl,,
367,Warren,Warren,,
368,Moussa,Moussa,,
369,Jermyn,Jermyn,,
370,Aubart,Aubart,,
371,Harder,Harder,,
372,Wiklund,Wiklund,,
373,Beavan,Beavan,,
374,Ringhini,Ringhini,,
375,Palsson,Palsson,,
376,Meyer,Meyer,,
377,Landergren,Landergren,,
378,Widener,Widener,,
379,Betros,Betros,,
380,Gustafsson,Gustafsson,,
381,Bidois,Bidois,,
382,Nakid,Nakid,,
383,Tikkanen,Tikkanen,,
384,Holverson,Holverson,,
385,Plotcharsky,Plotcharsky,,
386,Davies,Davies,,
387,Goodwin,Goodwin,,
388,Buss,Buss,,
389,Sadlier,Sadlier,,
390,Lehmann,Lehmann,,
391,Carter,Carter,,
392,Jansson,Jansson,,
393,Gustafsson,Gustafsson,,
394,Newell,Newell,,
395,Sandstrom,Sandstrom,,
396,Johansson,Johansson,,
397,Olsson,Olsson,,
398,McKane,McKane,,
399,Pain,Pain,,
400,Trout,Trout,,
401,Niskanen,Niskanen,,
402,Adams,Adams,,
403,Jussila,Jussila,,
404,Hakkarainen,Hakkarainen,,
405,Oreskovic,Oreskovic,,
406,Gale,Gale,,
407,Widegren,Widegren,,
408,Richards,Richards,,
409,Birkeland,Birkeland,,
410,Lefebre,Lefebre,,
411,Sdycoff,Sdycoff,,
412,Hart,Hart,,
413,Minahan,Minahan,,
414,Cunningham,Cunningham,,
415,Sundman,Sundman,,
416,Meek,Meek,,
417,Drew,Drew,,
418,Silven,Silven,,
419,Matthews,Matthews,,
420,Van Impe,Van Impe,,
421,Gheorgheff,Gheorgheff,,
422,Charters,Charters,,
423,Zimmerman,Zimmerman,,
424,Danbom,Danbom,,
425,Rosblom,Rosblom,,
426,Wiseman,Wiseman,,
427,Clarke,Clarke,,
428,Phillips,Phillips,,
429,Flynn,Flynn,,
430,Pickard,Pickard,,
431,Bjornstrom-Steffansson,Bjornstrom-Steffansson,,
432,Thorneycroft,Thorneycroft,,
433,Louch,Louch,,
434,Kallio,Kallio,,
435,Silvey,Silvey,,
436,Carter,Carter,,
437,Ford,Ford,,
438,Richards,Richards,,
439,Fortune,Fortune,,
440,Kvillner,Kvillner,,
441,Hart,Hart,,
442,Hampe,Hampe,,
443,Petterson,Petterson,,
444,Reynaldo,Reynaldo,,
445,Johannesen-Bratthammer,Johannesen-Bratthammer,,
446,Dodge,Dodge,,
447,Mellinger,Mellinger,,
448,Seward,Seward,,
449,Baclini,Baclini,,
450,Peuchen,Peuchen,,
451,West,West,,
452,Hagland,Hagland,,
453,Foreman,Foreman,,
454,Goldenberg,Goldenberg,,
455,Peduzzi,Peduzzi,,
456,Jalsevac,Jalsevac,,
457,Millet,Millet,,
458,Kenyon,Kenyon,,
459,Toomey,Toomey,,
460,O'Connor,O'Connor,,
461,Anderson,Anderson,,
462,Morley,Morley,,
463,Gee,Gee,,
464,Milling,Milling,,
465,Maisner,Maisner,,
466,Goncalves,Goncalves,,
467,Campbell,Campbell,,
468,Smart,Smart,,
469,Scanlan,Scanlan,,
470,Baclini,Baclini,,
471,Keefe,Keefe,,
472,Cacic,Cacic,,
473,West,West,,
474,Jerwan,Jerwan,,
475,Strandberg,Strandberg,,
476,Clifford,Clifford,,
477,Renouf,Renouf,,
478,Braund,Braund,,
479,Karlsson,Karlsson,,
480,Hirvonen,Hirvonen,,
481,Goodwin,Goodwin,,
482,Frost,Frost,,
483,Rouse,Rouse,,
484,Turkula,Turkula,,
485,Bishop,Bishop,,
486,Lefebre,Lefebre,,
487,Hoyt,Hoyt,,
488,Kent,Kent,,
489,Somerton,Somerton,,
490,Coutts,Coutts,,
491,Hagland,Hagland,,
492,Windelov,Windelov,,
493,Molson,Molson,,
494,Artagaveytia,Artagaveytia,,
495,Stanley,Stanley,,
496,Yousseff,Yousseff,,
497,Eustis,Eustis,,
498,Shellard,Shellard,,
499,Allison,Allison,,
500,Svensson,Svensson,,
501,Calic,Calic,,
502,Canavan,Canavan,,
503,O'Sullivan,O'Sullivan,,
504,Laitinen,Laitinen,,
505,Maioni,Maioni,,
506,Penasco y Castellana,Penasco y Castellana,,
507,Quick,Quick,,
508,Bradley,Bradley,,
509,Olsen,Olsen,,
510,Lang,Lang,,
511,Daly,Daly,,
512,Webber,Webber,,
513,McGough,McGough,,
514,Rothschild,Rothschild,,
515,Coleff,Coleff,,
516,Walker,Walker,,
517,Lemore,Lemore,,
518,Ryan,Ryan,,
519,Angle,Angle,,
520,Pavlovic,Pavlovic,,
521,Perreault,Perreault,,
522,Vovk,Vovk,,
523,Lahoud,Lahoud,,
524,Hippach,Hippach,,
525,Kassem,Kassem,,
526,Farrell,Farrell,,
527,Ridsdale,Ridsdale,,
528,Farthing,Farthing,,
529,Salonen,Salonen,,
530,Hocking,Hocking,,
531,Quick,Quick,,
532,Toufik,Toufik,,
533,Elias,Elias,,
534,Peter,Peter,,
535,Cacic,Cacic,,
536,Hart,Hart,,
537,Butt,Butt,,
538,LeRoy,LeRoy,,
539,Risien,Risien,,
540,Frolicher,Frolicher,,
541,Crosby,Crosby,,
542,Andersson,Andersson,,
543,Andersson,Andersson,,
544,Beane,Beane,,
545,Douglas,Douglas,,
546,Nicholson,Nicholson,,
547,Beane,Beane,,
548,Padro y Manent,Padro y Manent,,
549,Goldsmith,Goldsmith,,
550,Davies,Davies,,
551,Thayer,Thayer,,
552,Sharp,Sharp,,
553,O'Brien,O'Brien,,
554,Leeni,Leeni,,
555,Ohman,Ohman,,
556,Wright,Wright,,
557,Duff Gordon,Duff Gordon,,
558,Robbins,Robbins,,
559,Taussig,Taussig,,
560,de Messemaeker,de Messemaeker,,
561,Morrow,Morrow,,
562,Sivic,Sivic,,
563,Norman,Norman,,
564,Simmons,Simmons,,
565,Meanwell,Meanwell,,
566,Davies,Davies,,
567,Stoytcheff,Stoytcheff,,
568,Palsson,Palsson,,
569,Doharr,Doharr,,
570,Jonsson,Jonsson,,
571,Harris,Harris,,
572,Appleton,Appleton,,
573,Flynn,Flynn,,
574,Kelly,Kelly,,
575,Rush,Rush,,
576,Patchett,Patchett,,
577,Garside,Garside,,
578,Silvey,Silvey,,
579,Caram,Caram,,
580,Jussila,Jussila,,
581,Christy,Christy,,
582,Thayer,Thayer,,
583,Downton,Downton,,
584,Ross,Ross,,
585,Paulner,Paulner,,
586,Taussig,Taussig,,
587,Jarvis,Jarvis,,
588,Frolicher-Stehli,Frolicher-Stehli,,
589,Gilinski,Gilinski,,
590,Murdlin,Murdlin,,
591,Rintamaki,Rintamaki,,
592,Stephenson,Stephenson,,
593,Elsbury,Elsbury,,
594,Bourke,Bourke,,
595,Chapman,Chapman,,
596,Van Impe,Van Impe,,
597,Leitch,Leitch,,
598,Johnson,Johnson,,
599,Boulos,Boulos,,
600,Duff Gordon,Duff Gordon,,
601,Jacobsohn,Jacobsohn,,
602,Slabenoff,Slabenoff,,
603,Harrington,Harrington,,
604,Torber,Torber,,
605,Homer,Homer,,
606,Lindell,Lindell,,
607,Karaic,Karaic,,
608,Daniel,Daniel,,
609,Laroche,Laroche,,
610,Shutes,Shutes,,
611,Andersson,Andersson,,
612,Jardin,Jardin,,
613,Murphy,Murphy,,
614,Horgan,Horgan,,
615,Brocklebank,Brocklebank,,
616,Herman,Herman,,
617,Danbom,Danbom,,
